,title,description,image
0,Barbarian,A woman staying at an Airbnb discovers that the house she has rented is not what it seems.,https://m.media-amazon.com/images/M/MV5BN2M3Y2NhMGYtYjUxOS00M2UwLTlmMGUtYzY4MzFlNjZkYzY2XkEyXkFqcGdeQXVyODc0OTEyNDU@.jpg
1,The Good Nurse,An infamous caregiver is implicated in the deaths of hundreds of hospital patients.,https://m.media-amazon.com/images/M/MV5BOGZhODQ3NDUtMjE1OS00MzEzLWFhY2MtY2U2YjQzYWUyYWQwXkEyXkFqcGdeQXVyMDM2NDM2MQ@@.jpg
3,Smile,"After witnessing a bizarre, traumatic incident involving a patient, Dr. Rose Cotter starts experiencing frightening occurrences that she can't explain. Rose must confront her troubling past in order to survive and escape her horrifying new reality.",https://m.media-amazon.com/images/M/MV5BZjE2ZWIwMWEtNGFlMy00ZjYzLWEzOWEtYzQ0MDAwZDRhYzNjXkEyXkFqcGdeQXVyMTUzMTg2ODkz.jpg
4,Terrifier,"On Halloween night, Tara Heyes finds herself as the obsession of a sadistic murderer known as Art the Clown.",https://m.media-amazon.com/images/M/MV5BYmMxNzA0OTUtOTJiOS00NTc4LWJmNTItMGM3OWE0N2Y0NjhjXkEyXkFqcGdeQXVyMTg5NjU4NjE@.jpg
5,X,"In 1979, a group of young filmmakers set out to make an adult film in rural Texas, but when their reclusive, elderly hosts catch them in the act, the cast find themselves fighting for their lives.",https://m.media-amazon.com/images/M/MV5BMTJiMmE5YWItOWZjYS00YTg0LWE0MTYtMzg2ZTY4YjNkNDEzXkEyXkFqcGdeQXVyMTAzMDg4NzU0.jpg
6,Halloween Ends,The saga of Michael Myers and Laurie Strode comes to a spine-chilling climax in the final installment of this trilogy.,https://m.media-amazon.com/images/M/MV5BZTg1Y2Q3MzctMDlkOS00OGE1LWE4MjUtNmJjNDNkZmM2YmVkXkEyXkFqcGdeQXVyMjY5ODI4NDk@.jpg
11,The Stranger,"Two men who meet on a plane and strike up a conversation that turns into friendship. For Henry Teague, worn down by a lifetime of physical labour and crime, this is a dream come true.",https://m.media-amazon.com/images/M/MV5BYzhmNWMyYjQtNTVlMC00MGUwLWFmYjEtM2NkNWY0ODQ2YmFiXkEyXkFqcGdeQXVyMTEyMjM2NDc2.jpg
12,Prey for the Devil,A nun prepares to perform an exorcism and comes face to face with a demonic force with mysterious ties to her past.,https://m.media-amazon.com/images/M/MV5BNzNjNmE4YTktMTZiNS00YTQ0LWExY2YtZTU2MGNiNzBiMzI5XkEyXkFqcGdeQXVyMTA0OTI1NDM2.jpg
16,Kantara,It involves culture of Kambla and Bhootha Kola. A human and nature conflict where Shiva is a rebel who defends his village and nature. A death leads to war between villagers and evil forces. Will he able to regain peace in the village?,https://m.media-amazon.com/images/M/MV5BNjQyNGI5OWEtZjI1Yy00NDVjLWE4MTAtMzRlNzU1NzM2OGVkXkEyXkFqcGdeQXVyMTA1NzEzOTU1.jpg
18,The Black Phone,"After being abducted by a child killer and locked in a soundproof basement, a 13-year-old boy starts receiving calls on a disconnected phone from the killer's previous victims.",https://m.media-amazon.com/images/M/MV5BMWQxOGJlNTUtYTc1YS00NDkyLWExZjItMTFiYWEzMjAzYTdjXkEyXkFqcGdeQXVyNjk1Njg5NTA@.jpg
20,Fall,"Best friends Becky and Hunter find themselves at the top of a 2,000-foot radio tower.",https://m.media-amazon.com/images/M/MV5BNGI3MWYwYjItNzZhYi00ZWIzLTkyMzYtN2JmNjg3ODg1NTg4XkEyXkFqcGdeQXVyMTMwMDA5ODU3.jpg
22,The Northman,A young Viking prince is on a quest to avenge his father's murder.,https://m.media-amazon.com/images/M/MV5BMzVlMmY2NTctODgwOC00NDMzLWEzMWYtM2RiYmIyNTNhMTI0XkEyXkFqcGdeQXVyNTAzNzgwNTg@.jpg
23,The Takeover,"Framed for murder after uncovering a privacy scandal, an ethical hacker must evade the police while trying to track down the criminals blackmailing her.",https://m.media-amazon.com/images/M/MV5BZDE4ZTExZmMtYzA4NS00YzQwLTllMzgtNjQ0MDBjYTc3MzQxXkEyXkFqcGdeQXVyMTM0NTc2NDgw.jpg
25,Run Sweetheart Run,"After what seems to be an innocent date, Cherie now faces a night of terror when her date hunts her down and tries to kill her. She now must run for her life throughout the city and escape his grasp.",https://m.media-amazon.com/images/M/MV5BMGVkZDlkMDQtZThhMi00MzUxLThiZGMtYjQxOWVhZmZhNDcyXkEyXkFqcGdeQXVyMjY5ODI4NDk@.jpg
26,Scream,"A year after the murder of her mother, a teenage girl is terrorized by a new killer, who targets the girl and her friends by using horror films as part of a deadly game.",https://m.media-amazon.com/images/M/MV5BMjA2NjU5MTg5OF5BMl5BanBnXkFtZTgwOTkyMzQxMDE@.jpg
32,The Witch,"A family in 1630s New England is torn apart by the forces of witchcraft, black magic and possession.",https://m.media-amazon.com/images/M/MV5BMTUyNzkwMzAxOF5BMl5BanBnXkFtZTgwMzc1OTk1NjE@.jpg
36,Poltergeist,A family's home is haunted by a host of demonic ghosts.,https://m.media-amazon.com/images/M/MV5BODJiZTU1ZTMtZTEzMy00NzFmLWJjNzctZTc2MDcwZjE1MDBjXkEyXkFqcGdeQXVyMTUzMDUzNTI3.jpg
37,Morbius,"Biochemist Michael Morbius tries to cure himself of a rare blood disease, but he inadvertently infects himself with a form of vampirism instead.",https://m.media-amazon.com/images/M/MV5BNTA3N2Q0ZTAtODJjNy00MmQzLWJlMmItOGFmNDI0ODgxN2QwXkEyXkFqcGdeQXVyMTM0NTUzNDIy.jpg
39,Jurassic World: Dominion,"Four years after the destruction of Isla Nublar, Biosyn operatives attempt to track down Maisie Lockwood, while Dr Ellie Sattler investigates a genetically engineered swarm of giant insects.",https://m.media-amazon.com/images/M/MV5BOTBjMjA4NmYtN2RjMi00YWZlLTliYTktOTIwMmNkYjYxYmE1XkEyXkFqcGdeQXVyODE5NzE3OTE@.jpg
40,Decision to Leave,A detective investigating a man's death in the mountains meets the dead man's mysterious wife in the course of his dogged sleuthing.,https://m.media-amazon.com/images/M/MV5BOTEzYTljMTMtODU0ZC00ZWI0LTlhOGEtYjE3MjI3NTI1YmNhXkEyXkFqcGdeQXVyNjgxODk1MTM@.jpg
42,Hellraiser,"A take on Clive Barker's 1987 horror classic where a young woman struggling with addiction comes into possession of an ancient puzzle box, unaware that its purpose is to summon the Cenobites.",https://m.media-amazon.com/images/M/MV5BYWM1YTgxNjMtNzY2NC00YjVmLWE1ODUtNTdiYTI4YjZhODMwXkEyXkFqcGdeQXVyMTUzMTg2ODkz.jpg
44,Blacklight,"Travis Block is a government operative coming to terms with his shadowy past. When he discovers a plot targeting U.S. citizens, Block finds himself in the crosshairs of the FBI director he once helped protect.",https://m.media-amazon.com/images/M/MV5BY2ViYmNhNzEtZDJhNS00YzM4LTkzZWItZDJiNzc5ZDExOWZmXkEyXkFqcGdeQXVyMDA4NzMyOA@@.jpg
45,Get Out,"A young African-American visits his white girlfriend's parents for the weekend, where his simmering uneasiness about their reception of him eventually reaches a boiling point.",https://m.media-amazon.com/images/M/MV5BMjUxMDQwNjcyNl5BMl5BanBnXkFtZTgwNzcwMzc0MTI@.jpg
46,The Invitation,"A young woman is courted and swept off her feet, only to realize a gothic conspiracy is afoot.",https://m.media-amazon.com/images/M/MV5BYTk3YWEwOTYtYTFiOS00NjJiLWJiOTAtMTRkZDY1Y2M1MDIyXkEyXkFqcGdeQXVyMTA3MDk2NDg2.jpg
47,The Conjuring,Paranormal investigators Ed and Lorraine Warren work to help a family terrorized by a dark presence in their farmhouse.,https://m.media-amazon.com/images/M/MV5BMTM3NjA1NDMyMV5BMl5BanBnXkFtZTcwMDQzNDMzOQ@@.jpg
49,The Gray Man,"When the CIA's most skilled operative-whose true identity is known to none-accidentally uncovers dark agency secrets, a psychopathic former colleague puts a bounty on his head, setting off a global manhunt by international assassins.",https://m.media-amazon.com/images/M/MV5BOWY4MmFiY2QtMzE1YS00NTg1LWIwOTQtYTI4ZGUzNWIxNTVmXkEyXkFqcGdeQXVyODk4OTc3MTY@.jpg
51,Coraline,"An adventurous 11-year-old girl finds another world that is a strangely idealized version of her frustrating home, but it has sinister secrets.",https://m.media-amazon.com/images/M/MV5BMzQxNjM5NzkxNV5BMl5BanBnXkFtZTcwMzg5NDMwMg@@.jpg
52,Doctor Sleep,"Years following the events of The Shining (1980), a now-adult Dan Torrance must protect a young girl with similar powers from a cult known as The True Knot, who prey on children with powers to remain immortal.",https://m.media-amazon.com/images/M/MV5BYmY3NGJlYTItYmQ4OS00ZTEwLWIzODItMjMzNWU2MDE0NjZhXkEyXkFqcGdeQXVyMzQzMDA3MTI@.jpg
56,Halloween H20: 20 Years Later,"Laurie Strode, now the dean of a Northern California private school with an assumed name, must battle the Shape one last time, as the life of her own son hangs in the balance.",https://m.media-amazon.com/images/M/MV5BNzA3ZjMzZWItNWUyNy00ZmNiLWIwYmYtN2UxNWUwMGY5Yzc2XkEyXkFqcGdeQXVyMTQxNzMzNDI@.jpg
57,Knives Out,"A detective investigates the death of the patriarch of an eccentric, combative family.",https://m.media-amazon.com/images/M/MV5BMGUwZjliMTAtNzAxZi00MWNiLWE2NzgtZGUxMGQxZjhhNDRiXkEyXkFqcGdeQXVyNjU1NzU3MzE@.jpg
58,The Independent,A young journalist discovers a conspiracy involving a U.S. Presidential candidate that could change the election and the fate of the country.,https://m.media-amazon.com/images/M/MV5BMTk0NzE1ODMtZDdjYy00OTE1LWFkZjYtODllZGZlOTg4YmVmXkEyXkFqcGdeQXVyMjg5OTIyMDk@.jpg
60,"Count Yorga, Vampire","A couple invites a Count from Hungary, who recently immigrated to America, to conduct a seance for the woman's recently deceased mother, oblivious to the fact that he is actually a vampire.",https://m.media-amazon.com/images/M/MV5BYmZmZDhhNjMtMjY5Yy00MTAxLTkzOTktODljZmI1ZWFiYzI4XkEyXkFqcGdeQXVyMTQ2MjQyNDc@.jpg
62,Evil Dead Rise,"A twisted tale of two estranged sisters whose reunion is cut short by the rise of flesh-possessing demons, thrusting them into a primal battle for survival as they face the most nightmarish version of family imaginable.",https://m.media-amazon.com/images/M/MV5BMjkzYjJmYTMtNzkxZi00NDU0LWJiY2QtMzQxNWIzODEyNDVlXkEyXkFqcGdeQXVyMTA3MDAxNDcw.jpg
65,Inception,"A thief who steals corporate secrets through the use of dream-sharing technology is given the inverse task of planting an idea into the mind of a C.E.O., but his tragic past may doom the project and his team to disaster.",https://m.media-amazon.com/images/M/MV5BMjAxMzY3NjcxNF5BMl5BanBnXkFtZTcwNTI5OTM0Mw@@.jpg
66,Speak No Evil,A Danish family visits a Dutch family they met on a holiday. What was supposed to be an idyllic weekend slowly starts unraveling as the Danes try to stay polite in the face of unpleasantness.,https://m.media-amazon.com/images/M/MV5BNWRhMjcwYjMtZDg2ZC00YmI1LWIwM2MtOTBhNmQ4OWUwYjgxXkEyXkFqcGdeQXVyNDgyNzAxMzY@.jpg
71,Se7en,"Two detectives, a rookie and a veteran, hunt a serial killer who uses the seven deadly sins as his motives.",https://m.media-amazon.com/images/M/MV5BOTUwODM5MTctZjczMi00OTk4LTg3NWUtNmVhMTAzNTNjYjcyXkEyXkFqcGdeQXVyNjU0OTQ0OTY@.jpg
72,28 Days Later...,"Four weeks after a mysterious, incurable virus spreads throughout the UK, a handful of survivors try to find sanctuary.",https://m.media-amazon.com/images/M/MV5BYTFkM2ViMmQtZmI5NS00MjQ2LWEyN2EtMTI1ZmNlZDU3MTZjXkEyXkFqcGdeQXVyNjU0OTQ0OTY@.jpg
74,Orphan: First Kill,"After orchestrating a brilliant escape from an Estonian psychiatric facility, Esther travels to America by impersonating the missing daughter of a wealthy family.",https://m.media-amazon.com/images/M/MV5BZjgwNDA3MmUtMTQ3Yy00ZDFmLTgwMTktNTBlMTQ3ZTI5MjYxXkEyXkFqcGdeQXVyMTM1MTE1NDMx.jpg
78,Jurassic Park,A pragmatic paleontologist touring an almost complete theme park on an island in Central America is tasked with protecting a couple of kids after a power failure causes the park's cloned dinosaurs to run loose.,https://m.media-amazon.com/images/M/MV5BMjM2MDgxMDg0Nl5BMl5BanBnXkFtZTgwNTM2OTM5NDE@.jpg
79,The Hunger Games,Katniss Everdeen voluntarily takes her younger sister's place in the Hunger Games: a televised competition in which two teenagers from each of the twelve Districts of Panem are chosen at random to fight to the death.,https://m.media-amazon.com/images/M/MV5BMjA4NDg3NzYxMF5BMl5BanBnXkFtZTcwNTgyNzkyNw@@.jpg
82,Grimcutty,A suburban teen girl and her little brother must stop a terrifying internet meme brought to life by the hysteria of their parents.,https://m.media-amazon.com/images/M/MV5BNWJiMGFmMzItMjdhZi00OWQ2LThiYTgtZjgxZTY5NDkyZjIzXkEyXkFqcGdeQXVyNzQ2OTEzMzY@.jpg
83,Blade Runner 2049,"Young Blade Runner K's discovery of a long-buried secret leads him to track down former Blade Runner Rick Deckard, who's been missing for thirty years.",https://m.media-amazon.com/images/M/MV5BNzA1Njg4NzYxOV5BMl5BanBnXkFtZTgwODk5NjU3MzI@.jpg
86,The Expendables 4,The Expendables will square up against: an arms dealer who commands the might of a massive private army.,https://m.media-amazon.com/images/M/MV5BNGIzNjU5YTctMDllZi00MGU2LWI5MTYtYzc4ZGFjNzY5ZjYyXkEyXkFqcGdeQXVyODY5NzkyMjA@.jpg
88,John Wick: Chapter 4,"John Wick (Keanu Reeves) takes on his most lethal adversaries yet in the upcoming fourth installment of the series. With the price on his head ever increasing, Wick takes his fight against the High Table global as he seeks out the most powerful players in the underworld, from New York to Paris to Osaka to Berlin. Lionsgate presents, a Thunder Road Films / 87eleven production.::Lionsgate",https://m.media-amazon.com/images/M/MV5BOTI1MDA5OTEtNWExMi00NGYwLThmMjUtMDhmNDQ4YTg1NzZlXkEyXkFqcGdeQXVyMTEyMjM2NDc2.jpg
90,Robbing Mussolini,A Milanese wartime entrepreneur forms a band of misfits and rogues to stage an elaborate heist of a legendary treasure belonging to Benito Mussolini.,https://m.media-amazon.com/images/M/MV5BMmI5Y2U4ZTktZGU2Yi00OGE0LWJlMWYtZTMwMjQwOGJiODAzXkEyXkFqcGdeQXVyNDI4NTUxMjQ@.jpg
91,Insidious,A family looks to prevent evil spirits from trapping their comatose child in a realm called The Further.,https://m.media-amazon.com/images/M/MV5BMTYyOTAxMDA0OF5BMl5BanBnXkFtZTcwNzgwNTc1NA@@.jpg
92,The Cabin in the Woods,"Five friends go for a break at a remote cabin, where they get more than they bargained for, discovering the truth behind the cabin in the woods.",https://m.media-amazon.com/images/M/MV5BNTUxNzYyMjg2N15BMl5BanBnXkFtZTcwMTExNzExNw@@.jpg
94,Us,A family's serene beach vacation turns to chaos when their doppelgängers appear and begin to terrorize them.,https://m.media-amazon.com/images/M/MV5BZTliNWJhM2YtNDc1MC00YTk1LWE2MGYtZmE4M2Y5ODdlNzQzXkEyXkFqcGdeQXVyMzY0MTE3NzU@.jpg
96,Day Shift,"A hard-working, blue-collar dad just wants to provide a good life for his quick-witted 10-year-old daughter. His mundane San Fernando Valley pool cleaning job is a front for his real source of income: hunting and killing vampires.",https://m.media-amazon.com/images/M/MV5BYWI2ZDRjYjEtOWJiOS00NWVjLWI1MjAtNWNiMzAwNGFmNjljXkEyXkFqcGdeQXVyODEwMTc2ODQ@.jpg
97,Orphan,A husband and wife who recently lost their baby adopt a 9-year-old girl who is not nearly as innocent as she appears.,https://m.media-amazon.com/images/M/MV5BMTBjMjY0ODEtZGVkMy00MjUyLTlkMjAtNDBmNzVjOTk0NzQyXkEyXkFqcGdeQXVyNTA4NzY1MzY@.jpg
98,Saw,"Two strangers awaken in a room with no recollection of how they got there, and soon discover they're pawns in a deadly game perpetrated by a notorious serial killer.",https://m.media-amazon.com/images/M/MV5BM2M1MzI1MWYtYmM2ZC00OWY3LTk0ZGMtNmRkNzU1NzEzMWE5XkEyXkFqcGdeQXVyODUwOTkwODk@.jpg
100,Shutter Island,"In 1954, a U.S. Marshal investigates the disappearance of a murderer who escaped from a hospital for the criminally insane.",https://m.media-amazon.com/images/M/MV5BYzhiNDkyNzktNTZmYS00ZTBkLTk2MDAtM2U0YjU1MzgxZjgzXkEyXkFqcGdeQXVyMTMxODk2OTU@.jpg
102,Halloween 4: The Return of Michael Myers,"Ten years after his original massacre, the invalid Michael Myers awakens on Halloween Eve and returns to Haddonfield to kill his seven-year-old niece. Can Dr. Loomis stop him?",https://m.media-amazon.com/images/M/MV5BYWNiNjBhZjAtMzVkNi00MTJiLWI0NGQtODE2NmIyNmU2OTQwXkEyXkFqcGdeQXVyMTQxNzMzNDI@.jpg
103,Psycho,"A Phoenix secretary embezzles $40,000 from her employer's client, goes on the run and checks into a remote motel run by a young man under the domination of his mother.",https://m.media-amazon.com/images/M/MV5BNTQwNDM1YzItNDAxZC00NWY2LTk0M2UtNDIwNWI5OGUyNWUxXkEyXkFqcGdeQXVyNzkwMjQ5NzM@.jpg
104,On the Line,"A host takes a call, where an unknown person threatens to kill the showman's entire family on air. To save loved ones, the radio host will have to play a survival game and the only way to win is to find out the identity of the criminal.",https://m.media-amazon.com/images/M/MV5BYjAzMmFlMGMtNzQ4Mi00NGM1LTk4MzYtOGNjYzczNzUyNmU5XkEyXkFqcGdeQXVyMjAxMDczOTQ@.jpg
107,Blackout,"A man wakes in a hospital with no memory, and quickly finds himself on the run in a locked down hospital with the Cartel on his tail. He scrambles to find his true identity in the most vicious way.",https://m.media-amazon.com/images/M/MV5BZDE0MWJkMzMtMGMzMC00NzAzLTljZTUtZTE2OTViNDRhMTgwXkEyXkFqcGdeQXVyNDg0NjMwNDY@.jpg
108,Violent Night,"When a group of mercenaries attack the estate of a wealthy family, Santa Claus must step in to save the day (and Christmas).",https://m.media-amazon.com/images/M/MV5BYzg2NWNhOWItYjA3Yi00MzhhLTg4ZmItYzM3ZTIwN2U0ZGQ5XkEyXkFqcGdeQXVyMzEyMDQzNzY@.jpg
109,John Wick,An ex-hit-man comes out of retirement to track down the gangsters that killed his dog and took his car.,https://m.media-amazon.com/images/M/MV5BMTU2NjA1ODgzMF5BMl5BanBnXkFtZTgwMTM2MTI4MjE@.jpg
110,Malignant,"Madison is paralyzed by shocking visions of grisly murders, and her torment worsens as she discovers that these waking dreams are in fact terrifying realities.",https://m.media-amazon.com/images/M/MV5BYTc0NWIwOTYtNzEwYi00YmUyLTlmYWYtYjJiZjRjN2RjMjAxXkEyXkFqcGdeQXVyMTEyMjM2NDc2.jpg
112,Ready or Not,A bride's wedding night takes a sinister turn when her eccentric new in-laws force her to take part in a terrifying game.,https://m.media-amazon.com/images/M/MV5BYzBkMzAyMDUtZTFkZS00OWUyLTgwM2ItNGI3MTQ5NzA3NTVkXkEyXkFqcGdeQXVyMTkxNjUyNQ@@.jpg
117,The Mist,"A freak storm unleashes a species of bloodthirsty creatures on a small town, where a small band of citizens hole up in a supermarket and fight for their lives.",https://m.media-amazon.com/images/M/MV5BMTU2NjQyNDY1Ml5BMl5BanBnXkFtZTcwMTk1MDU1MQ@@.jpg
118,The Descent,"A caving expedition goes horribly wrong, as the explorers become trapped and ultimately pursued by a strange breed of predators.",https://m.media-amazon.com/images/M/MV5BMjA5NzQ1NTgwNV5BMl5BanBnXkFtZTcwNjUxMzUzMw@@.jpg
123,The Craft,"A newcomer to a Catholic prep high school falls in with a trio of outcast teenage girls who practice witchcraft, and they all soon conjure up various spells and curses against those who anger them.",https://m.media-amazon.com/images/M/MV5BZTBkMWE1NGItZTgxMi00ZTE0LWIzZjAtNzQ5ZGZlZTQxN2EwXkEyXkFqcGdeQXVyMTQxNzMzNDI@.jpg
126,Significant Other,Follows a young couple who take a remote backpacking trip through the Pacific Northwest and face sinister events leading them to realize that everything about the place is not as it seems.,https://m.media-amazon.com/images/M/MV5BYzFkMGU5NTYtYzMyNC00NmI5LWE1ZmMtNzVlY2QzNjVkMmU1XkEyXkFqcGdeQXVyNjYzMzU4OTg@.jpg
127,Old,"A vacationing family discovers that the secluded beach where they're relaxing for a few hours is somehow causing them to age rapidly, reducing their entire lives into a single day.",https://m.media-amazon.com/images/M/MV5BMjJjZGRhM2YtNTU4NC00OWMwLThhYWUtMWUxNDNhMDZlOTNmXkEyXkFqcGdeQXVyODE5NzE3OTE@.jpg
128,Christine,A nerdish boy buys a strange car with an evil mind of its own and his nature starts to change to reflect it.,https://m.media-amazon.com/images/M/MV5BZThhNDQxNzAtOTYzZC00MzZkLWI2YjItOTE2ZjliZDY3NTFkXkEyXkFqcGdeQXVyMTQxNzMzNDI@.jpg
129,M3gan,A robotics engineer at a toy company builds a life-like doll that begins to take on a life of its own.,https://m.media-amazon.com/images/M/MV5BMDk4MTdhYzEtODk3OS00ZDBjLWFhNTQtMDI2ODdjNzQzZTA3XkEyXkFqcGdeQXVyMjMxOTE0ODA@.jpg
131,Fast X,Plot unknown.,https://m.media-amazon.com/images/M/MV5BYWY2Yzg4OTktYzIzMS00MGM4LWJiZmEtN2I0ZTg4NjYxYzY5XkEyXkFqcGdeQXVyMTM1MTE1NDMx.jpg
133,The Departed,An undercover cop and a mole in the police attempt to identify each other while infiltrating an Irish gang in South Boston.,https://m.media-amazon.com/images/M/MV5BMTI1MTY2OTIxNV5BMl5BanBnXkFtZTYwNjQ4NjY3.jpg
134,Friday the 13th,"A group of camp counselors trying to reopen a summer camp called Crystal Lake, which has a grim past, are stalked by a mysterious killer.",https://m.media-amazon.com/images/M/MV5BNWMxYTYzYWQtNGZmNy00MTg5LTk1N2MtNzQ5NjQxYjQ5NTJhXkEyXkFqcGdeQXVyMTQxNzMzNDI@.jpg
137,The Prestige,"After a tragic accident, two stage magicians in 1890s London engage in a battle to create the ultimate illusion while sacrificing everything they have to outwit each other.",https://m.media-amazon.com/images/M/MV5BMjA4NDI0MTIxNF5BMl5BanBnXkFtZTYwNTM0MzY2.jpg
139,The Purge,"A wealthy family is held hostage for harboring the target of a murderous syndicate during the Purge, a 12-hour period in which any and all crime is legal.",https://m.media-amazon.com/images/M/MV5BMTQzNTcwODEyM15BMl5BanBnXkFtZTcwMjM1MDI0OQ@@.jpg
140,Black Swan,"A committed dancer struggles to maintain her sanity after winning the lead role in a production of Tchaikovsky's ""Swan Lake"".",https://m.media-amazon.com/images/M/MV5BNzY2NzI4OTE5MF5BMl5BanBnXkFtZTcwMjMyNDY4Mw@@.jpg
141,I Came By,Follows a young graffiti artist who discovers a shocking secret that would put him and the ones closest to him in danger.,https://m.media-amazon.com/images/M/MV5BMzhjOWRmMGMtZjExNy00M2IxLWFmODQtM2I1MzBmZTcwOTgwXkEyXkFqcGdeQXVyNTg1MDQzMDU@.jpg
144,Aliens,"Fifty-seven years after surviving an apocalyptic attack aboard her space vessel by merciless space creatures, Officer Ripley awakens from hyper-sleep and tries to warn anyone who will listen about the predators.",https://m.media-amazon.com/images/M/MV5BZGU2OGY5ZTYtMWNhYy00NjZiLWI0NjUtZmNhY2JhNDRmODU3XkEyXkFqcGdeQXVyNzkwMjQ5NzM@.jpg
145,Prisoners,"When Keller Dover's daughter and her friend go missing, he takes matters into his own hands as the police pursue multiple leads and the pressure mounts.",https://m.media-amazon.com/images/M/MV5BMTg0NTIzMjQ1NV5BMl5BanBnXkFtZTcwNDc3MzM5OQ@@.jpg
146,No Country for Old Men,Violence and mayhem ensue after a hunter stumbles upon a drug deal gone wrong and more than two million dollars in cash near the Rio Grande.,https://m.media-amazon.com/images/M/MV5BMjA5Njk3MjM4OV5BMl5BanBnXkFtZTcwMTc5MTE1MQ@@.jpg
148,Dracula 2000,"A group of thieves breaks into a chamber expecting to find paintings, but instead they release the count himself, who travels to New Orleans to find his nemesis' daughter, Mary Van Helsing.",https://m.media-amazon.com/images/M/MV5BYzUxYzFlZjYtYWNiOC00ZmY0LThjMjYtMDdlNmRhNmY5MDRjXkEyXkFqcGdeQXVyMTQxNzMzNDI@.jpg
153,The Conjuring 2,Ed and Lorraine Warren travel to North London to help a single mother raising four children alone in a house plagued by a supernatural spirit.,https://m.media-amazon.com/images/M/MV5BZjU5OWVlN2EtODNlYy00MjhhLWI0MDUtMTA3MmQ5MGMwYTZmXkEyXkFqcGdeQXVyNjE5MTM4MzY@.jpg
155,Oldboy,"After being kidnapped and imprisoned for fifteen years, Oh Dae-Su is released, only to find that he must find his captor in five days.",https://m.media-amazon.com/images/M/MV5BMTI3NTQyMzU5M15BMl5BanBnXkFtZTcwMTM2MjgyMQ@@.jpg
160,Poker Face,"A tech billionaire hosts a high-stakes poker game between friends, but the evening takes a turn when long-held secrets are revealed, an elaborate revenge plot unfolds, and thieves break in.",https://m.media-amazon.com/images/M/MV5BNTc1NzUxMzQtZjc4YS00MmFjLWI5YmItMTNiYWM3ZjQ0YTFjXkEyXkFqcGdeQXVyNTc3MjM3OTA@.jpg
161,Vengeance,A writer from New York City attempts to solve the murder of a girl he hooked up with and travels down south to investigate the circumstances of her death and discover what happened to her.,https://m.media-amazon.com/images/M/MV5BNDkyZGFjZDEtODdiZS00YmJiLWE2NTEtZGIxMTUzN2ZjZjA3XkEyXkFqcGdeQXVyMDA4NzMyOA@@.jpg
163,Child's Play,"After a vintage Chucky doll turns up at a suburban yard sale, an idyllic American town is thrown into chaos as a series of horrifying murders begin to expose the town's hypocrisies and secrets.",https://m.media-amazon.com/images/M/MV5BZjkzNGJiZjctMmEwMi00ZGFhLWE4MGMtZmFiZGZkMTg5NmNlXkEyXkFqcGdeQXVyMTQxNzMzNDI@.jpg
164,The Lighthouse,Two lighthouse keepers try to maintain their sanity while living on a remote and mysterious New England island in the 1890s.,https://m.media-amazon.com/images/M/MV5BZmE0MGJhNmYtOWNjYi00Njc5LWE2YjEtMWMxZTVmODUwMmMxXkEyXkFqcGdeQXVyMTkxNjUyNQ@@.jpg
166,Gone Girl,"With his wife's disappearance having become the focus of an intense media circus, a man sees the spotlight turned on him when it's suspected that he may not be innocent.",https://m.media-amazon.com/images/M/MV5BMTk0MDQ3MzAzOV5BMl5BanBnXkFtZTgwNzU1NzE3MjE@.jpg
167,Event Horizon,A rescue crew investigates a spaceship that disappeared into a black hole and has now returned...with someone or something new on-board.,https://m.media-amazon.com/images/M/MV5BZGI0NDMwNjAtNGEzNC00MzA1LTlkMjQtYjBkYTZlZjAyZWEyXkEyXkFqcGdeQXVyNzkwMjQ5NzM@.jpg
168,The Fog,An unearthly fog rolls into a small coastal town exactly 100 years after a ship mysteriously sank in its waters.,https://m.media-amazon.com/images/M/MV5BYmU4MmNmZWYtMmIxMC00MGE3LTljODctNWQ1ZTQ4NDBlNzQ1XkEyXkFqcGdeQXVyMjUzOTY1NTc@.jpg
169,The Usual Suspects,"A sole survivor tells of the twisty events leading up to a horrific gun battle on a boat, which began when five criminals met at a seemingly random police lineup.",https://m.media-amazon.com/images/M/MV5BYTViNjMyNmUtNDFkNC00ZDRlLThmMDUtZDU2YWE4NGI2ZjVmXkEyXkFqcGdeQXVyNjU0OTQ0OTY@.jpg
173,The Night House,A widow begins to uncover her recently deceased husband's disturbing secrets.,https://m.media-amazon.com/images/M/MV5BZmIwNjJhOGYtNDcyNi00Yjc4LThiNTktMDM2ZjFhM2YxMTljXkEyXkFqcGdeQXVyODk4OTc3MTY@.jpg
178,Ocean's Eleven,Danny Ocean and his ten accomplices plan to rob three Las Vegas casinos simultaneously.,https://m.media-amazon.com/images/M/MV5BYzVmYzVkMmUtOGRhMi00MTNmLThlMmUtZTljYjlkMjNkMjJkXkEyXkFqcGdeQXVyNDk3NzU2MTQ@.jpg
180,A Quiet Place Part II,"Following the events at home, the Abbott family now face the terrors of the outside world. Forced to venture into the unknown, they realize the creatures that hunt by sound are not the only threats lurking beyond the sand path.",https://m.media-amazon.com/images/M/MV5BMTE2ODU4NDEtNmRjNS00OTk1LTg4NmMtNTAzYzVlNzJmYjgzXkEyXkFqcGdeQXVyODk4OTc3MTY@.jpg
183,Candyman,A sequel to the horror film Candyman (1992) that returns to the now-gentrified Chicago neighborhood where the legend began.,https://m.media-amazon.com/images/M/MV5BOWEzNDAxYmEtYWU0Zi00ZjZjLTkxY2QtMGY1MjY5ZjVhNDdjXkEyXkFqcGdeQXVyMDM2NDM2MQ@@.jpg
184,Felon,"Locked up for killing an intruder in self-defense, a family man must cope with life in the violent penal system.",https://m.media-amazon.com/images/M/MV5BMGUwZDg5NjEtNWI3MC00OTY2LTgzMzItMzBiNWFiZmQ4MzUyXkEyXkFqcGdeQXVyNTAyODkwOQ@@.jpg
185,Athena,"Hours after the tragic death of their youngest brother in unexplained circumstances, three siblings have their lives thrown into chaos.",https://m.media-amazon.com/images/M/MV5BNGY2OTg3ZjAtNTYyMC00MzAwLTg5NzEtZTdkNmFlMzA2ZGY5XkEyXkFqcGdeQXVyODA0MjgyNzM@.jpg
187,Jaws,"When a killer shark unleashes chaos on a beach community off Cape Cod, it's up to a local sheriff, a marine biologist, and an old seafarer to hunt the beast down.",https://m.media-amazon.com/images/M/MV5BMmVmODY1MzEtYTMwZC00MzNhLWFkNDMtZjAwM2EwODUxZTA5XkEyXkFqcGdeQXVyNTAyODkwOQ@@.jpg
189,The Equalizer,An enigmatic figure who uses her extensive skills to help those with nowhere else to turn.,https://m.media-amazon.com/images/M/MV5BYmY3MTgwYWUtMTc2NC00ZDdmLWIyNDAtOGJkNTQyZjM0NDA5XkEyXkFqcGdeQXVyMTEyMjM2NDc2.jpg
191,Mulholland Drive,"After a car wreck on the winding Mulholland Drive renders a woman amnesiac, she and a perky Hollywood-hopeful search for clues and answers across Los Angeles in a twisting venture beyond dreams and reality.",https://m.media-amazon.com/images/M/MV5BYTRiMzg4NDItNTc3Zi00NjBjLTgwOWYtOGZjMTFmNGU4ODY4XkEyXkFqcGdeQXVyMjUzOTY1NTc@.jpg
192,Wind River,A veteran hunter helps an FBI agent investigate the murder of a young woman on a Wyoming Native American reservation.,https://m.media-amazon.com/images/M/MV5BMTUyMjU1OTUwM15BMl5BanBnXkFtZTgwMDg1NDQ2MjI@.jpg
193,Van Helsing,"The famed monster hunter is sent to Transylvania to stop Count Dracula, who is using Dr. Frankenstein's research and a werewolf for nefarious purposes.",https://m.media-amazon.com/images/M/MV5BODRmY2NhNDItOWViNi00OTIyLTk3YjYtYzY0YTFlMDg1YzQ0L2ltYWdlL2ltYWdlXkEyXkFqcGdeQXVyMTQxNzMzNDI@.jpg
194,Point Break,An F.B.I. Agent goes undercover to catch a gang of surfers who may be bank robbers.,https://m.media-amazon.com/images/M/MV5BNWVjZWFmYjItZGJlOC00YTllLWE4YjctMWY2ZTg5ZjE0MDIyXkEyXkFqcGdeQXVyNDk3NzU2MTQ@.jpg
195,The Strangers,A young couple staying in an isolated vacation home are terrorized by three unknown assailants.,https://m.media-amazon.com/images/M/MV5BMTkxODAyODMwNV5BMl5BanBnXkFtZTcwNzk5Nzk2MQ@@.jpg
197,The Nun,A priest with a haunted past and a novice on the threshold of her final vows are sent by the Vatican to investigate the death of a young nun in Romania and confront a malevolent force in the form of a demonic nun.,https://m.media-amazon.com/images/M/MV5BMjM3NzQ5NDcxOF5BMl5BanBnXkFtZTgwNzM4MTQ5NTM@.jpg
198,Spiderhead,"In the near future, convicts are offered the chance to volunteer as medical subjects to shorten their sentence. One such subject for a new drug capable of generating feelings of love begins questioning the reality of his emotions.",https://m.media-amazon.com/images/M/MV5BNDVkZTc4OTktNTAyOC00MzQxLThiZjMtM2M3MTlmYzFjY2FkXkEyXkFqcGdeQXVyMTkxNjUyNQ@@.jpg
199,Knock Knock,"A devoted father helps two stranded young women who knock on his door, but his kind gesture turns into a dangerous seduction and a deadly game of cat and mouse.",https://m.media-amazon.com/images/M/MV5BYTQ3MzhlZjQtNWMxOS00NTEzLTgzOWYtNTI3MjhmZGU0ZDM2XkEyXkFqcGdeQXVyMTQxNzMzNDI@.jpg
201,Deep Water,A well-to-do husband who allows his wife to have affairs in order to avoid a divorce becomes a prime suspect in the disappearance of her lovers.,https://m.media-amazon.com/images/M/MV5BNTE1M2NjNDgtYjQ2Ny00YTMzLWJiYWQtMTdmM2Q2YjA1MDg1XkEyXkFqcGdeQXVyODk4OTc3MTY@.jpg
203,Kill Bill: Vol. 1,"After awakening from a four-year coma, a former assassin wreaks vengeance on the team of assassins who betrayed her.",https://m.media-amazon.com/images/M/MV5BNzM3NDFhYTAtYmU5Mi00NGRmLTljYjgtMDkyODQ4MjNkMGY2XkEyXkFqcGdeQXVyNzkwMjQ5NzM@.jpg
206,The Empty Man,"On the trail of a missing girl, an ex-cop comes across a secretive group attempting to summon a terrifying supernatural entity.",https://m.media-amazon.com/images/M/MV5BNWQyMzA3NDItMDRhZi00MWUxLTgyYmYtM2I1NTI3ZTE2NjY5XkEyXkFqcGdeQXVyMTkxNjUyNQ@@.jpg
208,Hannibal,Explores the early relationship between renowned psychiatrist Hannibal Lecter and a young FBI criminal profiler who is haunted by his ability to empathize with serial killers.,https://m.media-amazon.com/images/M/MV5BNWU5YmJhNWEtZGVlOS00NmRhLThmNzUtYjAyMDA2MDg5ZTM4XkEyXkFqcGdeQXVyNDIzMzcwNjc@.jpg
210,The Ritual,"A group of old college friends reunite for a trip to a forest in Sweden, Northern Europe, but encounter a menacing presence there stalking them.",https://m.media-amazon.com/images/M/MV5BMjAzMzAyMDI4Ml5BMl5BanBnXkFtZTgwODMwOTY2NDM@.jpg
211,Legend,Identical twin gangsters Ronald and Reginald Kray terrorize London during the 1960s.,https://m.media-amazon.com/images/M/MV5BMjE0MjkyODQ3NF5BMl5BanBnXkFtZTgwNDM1OTk1NjE@.jpg
212,Operation Fortune: Ruse de guerre,Special agent Orson Fortune and his team of operatives recruit one of Hollywood's biggest movie stars to help them on an undercover mission when the sale of a deadly new weapons technology threatens to disrupt the world order.,https://m.media-amazon.com/images/M/MV5BZGFmNmRlZmQtMDAyYy00NTJjLTg2ODQtZDI0OWE3M2I2NDcyXkEyXkFqcGdeQXVyNjY1MTg4Mzc@.jpg
214,Misery,"After a famous author is rescued from a car crash by a fan of his novels, he comes to realize that the care he is receiving is only the beginning of a nightmare of captivity and abuse.",https://m.media-amazon.com/images/M/MV5BNzY0ODQ3MTMxN15BMl5BanBnXkFtZTgwMDkwNTg4NjE@.jpg
216,Dawn of the Dead,"Following an ever-growing epidemic of zombies that have risen from the dead, two Philadelphia S.W.A.T. team members, a traffic reporter, and his television executive girlfriend seek refuge in a secluded shopping mall.",https://m.media-amazon.com/images/M/MV5BMzc1YTIyNjctYzhlNy00ZmYzLWI2ZWQtMzk4MmQwYzA0NGQ1XkEyXkFqcGdeQXVyMTQxNzMzNDI@.jpg
217,The Others,A woman who lives in her darkened old family house with her two photosensitive children becomes convinced that the home is haunted.,https://m.media-amazon.com/images/M/MV5BMTAxMDE4Mzc3ODNeQTJeQWpwZ15BbWU4MDY2Mjg4MDcx.jpg
220,Come and See,"After finding an old rifle, a young boy joins the Soviet resistance movement against ruthless German forces and experiences the horrors of World War II.",https://m.media-amazon.com/images/M/MV5BNzU3OTI1MjItYTJiZC00NDI0LWFlNGYtOTQ1OTVhNDgwM2U3XkEyXkFqcGdeQXVyNTc2MDU0NDE@.jpg
221,Don't Look Now,"A married couple grieving the recent death of their young daughter are in Venice when they encounter two elderly sisters, one of whom is psychic and brings a warning from beyond.",https://m.media-amazon.com/images/M/MV5BNDZmYzJmMDQtM2NkNi00NjU0LTlmZGItNDFjZjVkZjhmNDcyXkEyXkFqcGdeQXVyMTA1NTM1NDI2.jpg
222,The Devil's Advocate,An exceptionally-adept Florida lawyer is offered a job at a high-end New York City law firm with a high-end boss--the biggest opportunity of his career to date.,https://m.media-amazon.com/images/M/MV5BM2M2MDJhMDgtMmJkYy00MTgzLTkyZTktODM5NzE1MWUyNDA4XkEyXkFqcGdeQXVyNTA4NzY1MzY@.jpg
223,Candyman,A sequel to the horror film Candyman (1992) that returns to the now-gentrified Chicago neighborhood where the legend began.,https://m.media-amazon.com/images/M/MV5BOWEzNDAxYmEtYWU0Zi00ZjZjLTkxY2QtMGY1MjY5ZjVhNDdjXkEyXkFqcGdeQXVyMDM2NDM2MQ@@.jpg
226,Mission: Impossible - Fallout,"Ethan Hunt and his IMF team, along with some familiar allies, race against time after a mission gone wrong.",https://m.media-amazon.com/images/M/MV5BNjRlZmM0ODktY2RjNS00ZDdjLWJhZGYtNDljNWZkMGM5MTg0XkEyXkFqcGdeQXVyNjAwMjI5MDk@.jpg
227,Logan,"In a future where mutants are nearly extinct, an elderly and weary Logan leads a quiet life. But when Laura, a mutant child pursued by scientists, comes to him for help, he must get her to safety.",https://m.media-amazon.com/images/M/MV5BYzc5MTU4N2EtYTkyMi00NjdhLTg3NWEtMTY4OTEyMzJhZTAzXkEyXkFqcGdeQXVyNjc1NTYyMjg@.jpg
228,Shazam! Fury of the Gods,"The film continues the story of teenage Billy Batson who, upon reciting the magic word ""SHAZAM!"" is transformed into his adult Super Hero alter ego, Shazam.",https://m.media-amazon.com/images/M/MV5BMzk4NzI3M2YtNTU0Zi00NDU3LTgxYTUtOWY0NmZiMzU5MzlhXkEyXkFqcGdeQXVyMTUzMTg2ODkz.jpg
232,Red Notice,"An Interpol agent successfully tracks down the world's most wanted art thief, with help from a rival thief. But nothing is as it seems, as a series of double-crosses ensue.",https://m.media-amazon.com/images/M/MV5BZmRjODgyMzEtMzIxYS00OWY2LTk4YjUtMGMzZjMzMTZiN2Q0XkEyXkFqcGdeQXVyMTkxNjUyNQ@@.jpg
233,Train to Busan,"While a zombie virus breaks out in South Korea, passengers struggle to survive on the train from Seoul to Busan.",https://m.media-amazon.com/images/M/MV5BMTkwOTQ4OTg0OV5BMl5BanBnXkFtZTgwMzQyOTM0OTE@.jpg
234,Creep,"A young videographer answers an online ad for a one-day job in a remote town to record the last messages of a dying man. When he notices the man's odd behavior, he starts to question his intentions.",https://m.media-amazon.com/images/M/MV5BMTY0NTU2ODM5Ml5BMl5BanBnXkFtZTgwMTAwOTA5NTE@.jpg
235,Starship Troopers,"Humans in a fascist, militaristic future wage war with giant alien bugs.",https://m.media-amazon.com/images/M/MV5BNWExNzg3MmMtYjc3MS00MzFlLWJiOWQtNWYxZTgxNjhlZTQ2XkEyXkFqcGdeQXVyNzkwMjQ5NzM@.jpg
237,F9: The Fast Saga,Dom and the crew must take on an international terrorist who turns out to be Dom and Mia's estranged brother.,https://m.media-amazon.com/images/M/MV5BMjI0NmFkYzEtNzU2YS00NTg5LWIwYmMtNmQ1MTU0OGJjOTMxXkEyXkFqcGdeQXVyMjMxOTE0ODA@.jpg
239,The Hunt,"A teacher lives a lonely life, all the while struggling over his son's custody. His life slowly gets better as he finds love and receives good news from his son, but his new luck is about to be brutally shattered by an innocent little lie.",https://m.media-amazon.com/images/M/MV5BMTg2NDg3ODg4NF5BMl5BanBnXkFtZTcwNzk3NTc3Nw@@.jpg
241,The Imitation Game,"During World War II, the English mathematical genius Alan Turing tries to crack the German Enigma code with help from fellow mathematicians while attempting to come to terms with his troubled private life.",https://m.media-amazon.com/images/M/MV5BOTgwMzFiMWYtZDhlNS00ODNkLWJiODAtZDVhNzgyNzJhYjQ4L2ltYWdlXkEyXkFqcGdeQXVyNzEzOTYxNTQ@.jpg
242,Brothers,"While on tour in Afghanistan, Sam's copter is shot down and he is presumed dead. Back home, it is his screw-up brother who looks after the family. Sam does return, but with a lot of excess baggage.",https://m.media-amazon.com/images/M/MV5BMTkyMTY5MTcxOV5BMl5BanBnXkFtZTcwMTI3MDE3Mg@@.jpg
243,The Hateful Eight,"In the dead of a Wyoming winter, a bounty hunter and his prisoner find shelter in a cabin currently inhabited by a collection of nefarious characters.",https://m.media-amazon.com/images/M/MV5BMjA1MTc1NTg5NV5BMl5BanBnXkFtZTgwOTM2MDEzNzE@.jpg
245,The Visit,Two siblings become increasingly frightened by their grandparents' disturbing behavior while visiting them on vacation.,https://m.media-amazon.com/images/M/MV5BMTg3OTM2OTc5MV5BMl5BanBnXkFtZTgwMjMxNDM0NTE@.jpg
246,They Live,They influence our decisions without us knowing it. They numb our senses without us feeling it. They control our lives without us realizing it. They live.,https://m.media-amazon.com/images/M/MV5BMTQ3MjM3ODU1NV5BMl5BanBnXkFtZTgwMjU3NDU2MTE@.jpg
247,Sin City,"An exploration of the dark and miserable Basin City and three of its residents, all of whom are caught up in violent corruption.",https://m.media-amazon.com/images/M/MV5BODZmYjMwNzEtNzVhNC00ZTRmLTk2M2UtNzE1MTQ2ZDAxNjc2XkEyXkFqcGdeQXVyMTQxNzMzNDI@.jpg
249,Apocalypto,"As the Mayan kingdom faces its decline, a young man is taken on a perilous journey to a world ruled by fear and oppression.",https://m.media-amazon.com/images/M/MV5BMzhmNGMzMDMtZDM0Yi00MmVmLWExYjAtZDhjZjcxZDM0MzJhXkEyXkFqcGdeQXVyNjU0OTQ0OTY@.jpg
255,Don't Breathe,"Hoping to walk away with a massive fortune, a trio of thieves break into the house of a blind man who isn't as helpless as he seems.",https://m.media-amazon.com/images/M/MV5BZGI5ZTU2M2YtZWY4MC00ZDFhLTliYTItZTk1NjdlN2NkMzg2XkEyXkFqcGdeQXVyMjY5ODI4NDk@.jpg
259,Monster,"Based on the life of Aileen Wuornos, a Daytona Beach prostitute who became a serial killer.",https://m.media-amazon.com/images/M/MV5BMTI4NzI5NzEwNl5BMl5BanBnXkFtZTcwNjc1NjQyMQ@@.jpg
260,Resurrection,"Margaret's life is in order. She is capable, disciplined and successful. Everything is under control until David returns - that is - carrying with him the horrors of Margaret's past.",https://m.media-amazon.com/images/M/MV5BMzg3Y2VhMTMtYTMzOS00YTJlLWFiOTAtMjMwNDBlMGM4MGUyXkEyXkFqcGdeQXVyMTAyMjQ3NzQ1.jpg
261,Armageddon,"After discovering that an asteroid the size of Texas will impact Earth in less than a month, NASA recruits a misfit team of deep-core drillers to save the planet.",https://m.media-amazon.com/images/M/MV5BMGM0NzE2YjgtZGQ4YS00MmY3LTg4ZDMtYjUwNTNiNTJhNTQ5XkEyXkFqcGdeQXVyMTQxNzMzNDI@.jpg
263,Primal Fear,"An altar boy is accused of murdering a priest, and the truth is buried several layers deep.",https://m.media-amazon.com/images/M/MV5BZTM2NWI2OGYtYWNhMi00ZTlmLTg2ZTAtMmI5NWRjODA5YTE1XkEyXkFqcGdeQXVyODE2OTYwNTg@.jpg
266,The Hunger Games: Catching Fire,Katniss Everdeen and Peeta Mellark become targets of the Capitol after their victory in the 74th Hunger Games sparks a rebellion in the Districts of Panem.,https://m.media-amazon.com/images/M/MV5BMTAyMjQ3OTAxMzNeQTJeQWpwZ15BbWU4MDU0NzA1MzAx.jpg
267,Hex,"Following a mysterious disappearance on a jump, a group of skydivers experience paranormal occurrences that leave them fighting for their lives.",https://m.media-amazon.com/images/M/MV5BNjY5NzQ3ODEtMDExMi00MTQ3LWJjN2EtMzQ5YzY0NGJhNjU1XkEyXkFqcGdeQXVyOTg4MDYyNw@@.jpg
268,Route 10,"Maryam and Nasser are set to travel from Riyadh to attend their father's wedding in Abu Dhabi, until the flight is canceled. Undaunted, they decide to make the journey by car but underestimate the many hazards of the desert road, which includes an angry stranger whose terrifying pursuit has the brother and sister driving for their lives.::Red Sea International Film Festival",https://m.media-amazon.com/images/M/MV5BNWQ2MDg1NDEtNjA0NS00YmI2LWI0ZmItM2UzYmNkMzBmM2Q5XkEyXkFqcGdeQXVyMTIwNTUzNw@@.jpg
269,Fargo,"Various chronicles of deception, intrigue and murder in and around frozen Minnesota. Yet all of these tales mysteriously lead back one way or another to Fargo, North Dakota.",https://m.media-amazon.com/images/M/MV5BN2NiMGE5M2UtNWNlNC00N2Y4LTkwOWUtMDlkMzEwNTcyOTcyXkEyXkFqcGdeQXVyMTkxNjUyNQ@@.jpg
271,A Time to Kill,"In Clanton, Mississippi, a fearless young lawyer and his assistant defend a black man accused of murdering two white men who raped his ten-year-old daughter, inciting violent retribution and revenge from the Ku Klux Klan.",https://m.media-amazon.com/images/M/MV5BOWExZTg4ZWYtOTQxMi00YWZkLTkxYzgtOTg1MTUxNzNiNDcxL2ltYWdlL2ltYWdlXkEyXkFqcGdeQXVyMTQxNzMzNDI@.jpg
273,Underwater,A crew of oceanic researchers working for a deep sea drilling company try to get to safety after a mysterious earthquake devastates their deepwater research and drilling facility located at the bottom of the Mariana Trench.,https://m.media-amazon.com/images/M/MV5BNzM0OGZiZWItYmZiNC00NDgzLTg1MjMtYjM4MWZhOGZhMDUwXkEyXkFqcGdeQXVyMTkxNjUyNQ@@.jpg
274,Plane,A pilot finds himself caught in a war zone after he's forced to land his commercial aircraft during a terrible storm.,https://m.media-amazon.com/images/M/MV5BZDc4MzVkNzYtZTRiZC00ODYwLWJjZmMtMDIyNjQ1M2M1OGM2XkEyXkFqcGdeQXVyMDA4NzMyOA@@.jpg
275,Ex Machina,A young programmer is selected to participate in a ground-breaking experiment in synthetic intelligence by evaluating the human qualities of a highly advanced humanoid A.I.,https://m.media-amazon.com/images/M/MV5BMTUxNzc0OTIxMV5BMl5BanBnXkFtZTgwNDI3NzU2NDE@.jpg
277,Mission: Impossible - Dead Reckoning - Part One,Seventh entry in the long-running Mission: Impossible series.,https://m.media-amazon.com/images/M/MV5BZmM1MmI1MjctOTkyMi00MjZhLWEwN2MtYjEwNGRjNmUxZmVjXkEyXkFqcGdeQXVyODk4OTc3MTY@.jpg
279,Friday the 13th Part 2,"Five years after the events of the first film, a summer camp next to the infamous Camp Crystal Lake is preparing to open, but the legend of Jason is weighing heavy on the proceedings.",https://m.media-amazon.com/images/M/MV5BYTZmMjk1ZjAtZjg0Yy00MWIyLWI5NmYtMThlYmU3NTc2NzdkXkEyXkFqcGdeQXVyMTQxNzMzNDI@.jpg
281,Godzilla vs. Kong,The epic next chapter in the cinematic Monsterverse pits two of the greatest icons in motion picture history against each other--the fearsome Godzilla and the mighty Kong--with humanity caught in the balance.,https://m.media-amazon.com/images/M/MV5BZmYzMzU4NjctNDI0Mi00MGExLWI3ZDQtYzQzYThmYzc2ZmNjXkEyXkFqcGdeQXVyMTEyMjM2NDc2.jpg
284,Saint Maud,A pious nurse becomes dangerously obsessed with saving the soul of her dying patient.,https://m.media-amazon.com/images/M/MV5BYzE3ZDg0OTktYjlhNC00ZmQ0LTk0YjktMDE1ZWE2YjIwMjk4XkEyXkFqcGdeQXVyMDA4NzMyOA@@.jpg
288,The Platform,A vertical prison with one cell per level. Two people per cell. Only one food platform and two minutes per day to feed. An endless nightmare trapped in The Hole.,https://m.media-amazon.com/images/M/MV5BMzllNmRjYWItNjlhNS00MjcyLWIyODEtMTg0ZjBiNTNhNzQwXkEyXkFqcGdeQXVyMTAyOTE2ODg0.jpg
289,Joker: Folie à Deux,Plot unknown. Sequel to the 2019 film 'Joker.',https://m.media-amazon.com/images/M/MV5BOTNlM2E1YTYtYmUzZS00MWZhLTk3OGEtNDRlOGUxMDhkODdlXkEyXkFqcGdeQXVyNDk4NzAyNzU@.jpg
290,13 Minutes,"Four families in a Heartland town are tested in a single day when a tornado hits, forcing paths to cross and redefining the meaning of survival.",https://m.media-amazon.com/images/M/MV5BZTBjNjdkNzItYjZjOC00MjhkLTk4ZTQtZTcyM2FmMGJlMDViXkEyXkFqcGdeQXVyMTEyMjM2NDc2.jpg
292,The Innocents,"During the bright Nordic summer, a group of children reveal their dark and mysterious powers when the adults aren't looking. In this original and gripping supernatural thriller, playtime takes a dangerous turn.",https://m.media-amazon.com/images/M/MV5BNDgwNGFmMDMtNGQzMC00Mjc2LWFhNzItYWIxMGJlM2Q2MzZlXkEyXkFqcGdeQXVyODA0MjgyNzM@.jpg
294,The Ghost,"An ex-Interpol officer wreaks havoc and sends shock waves across the global underworld but goes missing in action, only to remerge years later, for his beloved family.",https://m.media-amazon.com/images/M/MV5BYWU3OGFkMWYtNTU4OC00NzQwLWE3MmMtMGQyOGZhODc0MDZiXkEyXkFqcGdeQXVyMTA3MDk2NDg2.jpg
297,True Romance,"In Detroit, a lonely pop culture geek marries a call girl, steals cocaine from her pimp, and tries to sell it in Hollywood. Meanwhile, the owners of the cocaine, the Mob, track them down in an attempt to reclaim it.",https://m.media-amazon.com/images/M/MV5BYWRhYWJjNGEtMjNhNi00NzFkLTk1ZGUtNjNmM2FlNTNhNWRjXkEyXkFqcGdeQXVyNzkwMjQ5NzM@.jpg
298,Rush Hour,"A loyal and dedicated Hong Kong Inspector teams up with a reckless and loudmouthed L.A.P.D. detective to rescue the Chinese Consul's kidnapped daughter, while trying to arrest a dangerous crime lord along the way.",https://m.media-amazon.com/images/M/MV5BYWM2NDZmYmYtNzlmZC00M2MyLWJmOGUtMjhiYmQ2OGU1YTE1L2ltYWdlL2ltYWdlXkEyXkFqcGdeQXVyMTQxNzMzNDI@.jpg
300,Mili,Janhvi Kapoor as a woman stuck in a freezer fighting to stay alive. 'Mili' is the official Hindi remake of the Malayalam thriller 'Helen'.,https://m.media-amazon.com/images/M/MV5BNDhjZjc4NDMtMDZjNC00ZjhiLWE0OTItM2M0NGM1MThjYTQ4XkEyXkFqcGdeQXVyMTI1NDEyNTM5.jpg
304,The Game,"After a wealthy San Francisco banker is given an opportunity to participate in a mysterious game, his life is turned upside down as he begins to question if it might really be a concealed conspiracy to destroy him.",https://m.media-amazon.com/images/M/MV5BNWQ2ODFhNWItNTA4NS00MzkyLTgyYzUtZjlhYWE5MmEzY2Q1XkEyXkFqcGdeQXVyMjUzOTY1NTc@.jpg
305,The Phantom of the Opera,A young soprano becomes the obsession of a disfigured and murderous musical genius who lives beneath the Paris Opéra House.,https://m.media-amazon.com/images/M/MV5BNDczNzg4OTM3MV5BMl5BanBnXkFtZTcwOTQzMTEzMw@@.jpg
306,True Lies,"A fearless, globe-trotting, terrorist-battling secret agent has his life turned upside down when he discovers his wife might be having an affair with a used-car salesman while terrorists smuggle nuclear war heads into the United States.",https://m.media-amazon.com/images/M/MV5BYzg5YmUyNGMtMThiNS00MjA2LTgwZDctNDlhM2RkZDNmZmRkXkEyXkFqcGdeQXVyNDk3NzU2MTQ@.jpg
308,Wrong Turn,"Chris and a group of five friends are left stranded deep in the middle of the woods after their cars collide. As they venture deeper into the woods, they face an uncertain and bloodcurdling fate.",https://m.media-amazon.com/images/M/MV5BMTQwMTkyMTY4M15BMl5BanBnXkFtZTYwMDc0NDE3.jpg
312,Man on Fire,"In Mexico City, a former CIA operative swears vengeance on those who committed an unspeakable act against the family he was hired to protect.",https://m.media-amazon.com/images/M/MV5BODFlMmEwMDgtYjhmZi00ZTE5LTk2NWQtMWE1Y2M0NjkzOGYxXkEyXkFqcGdeQXVyNjU0OTQ0OTY@.jpg
313,WarGames,"A young man finds a back door into a military central computer in which reality is confused with game-playing, possibly starting World War III.",https://m.media-amazon.com/images/M/MV5BZDA4M2UwMzUtZDkxMy00YjYwLTliZGEtNGMwYzI0NTgwMjA3XkEyXkFqcGdeQXVyMjUzOTY1NTc@.jpg
318,The Nice Guys,"In 1970s Los Angeles, a mismatched pair of private eyes investigate a missing girl and the mysterious death of a porn star.",https://m.media-amazon.com/images/M/MV5BODNlNmU4MGItMzQwZi00NGQyLWEyZWItYjFkNmI0NWI4NjBhXkEyXkFqcGdeQXVyODE5NzE3OTE@.jpg
320,Snowpiercer,"Seven years after the world has become a frozen wasteland, the remnants of humanity inhabit a perpetually-moving train that circles the globe, where class warfare, social injustice and the politics of survival play out.",https://m.media-amazon.com/images/M/MV5BYTY1MDhjOWQtYWFkNS00ODA1LTg1YTUtZDhmZDE0MDJlMzIwXkEyXkFqcGdeQXVyMTI4MDc0NjU2.jpg
322,Mr. & Mrs. Smith,A bored married couple is surprised to learn that they are both assassins hired by competing agencies to kill each other.,https://m.media-amazon.com/images/M/MV5BMTUxMzcxNzQzOF5BMl5BanBnXkFtZTcwMzQxNjUyMw@@.jpg
325,The Contractor,"A discharged U.S. Special Forces sergeant, James Harper, risks everything for his family when he joins a private contracting organization.",https://m.media-amazon.com/images/M/MV5BOWQ3MDg1MTgtMmI4ZC00YjU3LWIyZGEtNmRkNzI0Y2QyN2ExXkEyXkFqcGdeQXVyNzgzODI1OTE@.jpg
329,Under the Skin,"A mysterious young woman seduces lonely men in the evening hours in Scotland. However, events lead her to begin a process of self-discovery.",https://m.media-amazon.com/images/M/MV5BMTU1MDEwMDg4Nl5BMl5BanBnXkFtZTgwOTk3NTcxMTE@.jpg
332,Breathless,"When Jesse Lujack steals a car in Las Vegas and drives down to LA, his criminal ways only escalate - but when will it end?",https://m.media-amazon.com/images/M/MV5BODE0MDE2MTg2M15BMl5BanBnXkFtZTcwNjE2NjgyNA@@.jpg
335,Freaky,"After swapping bodies with a deranged serial killer, a young girl in high school discovers she has less than 24 hours before the change becomes permanent.",https://m.media-amazon.com/images/M/MV5BMTRkYmJlY2ItNmFlZi00OWVhLTg1ZTctOGE0MjM5ZGMwMmY4XkEyXkFqcGdeQXVyNjY1MTg4Mzc@.jpg
337,Uncut Gems,"With his debts mounting and angry collectors closing in, a fast-talking New York City jeweler risks everything in hope of staying afloat and alive.",https://m.media-amazon.com/images/M/MV5BZDhkMjUyYjItYWVkYi00YTM5LWE4MGEtY2FlMjA3OThlYmZhXkEyXkFqcGdeQXVyODk4OTc3MTY@.jpg
339,Green Room,A punk rock band is forced to fight for survival after witnessing a murder at a neo-Nazi skinhead bar.,https://m.media-amazon.com/images/M/MV5BMjU1ODQ5NzA0N15BMl5BanBnXkFtZTgwMDg5MTA5NzE@.jpg
340,Let Me In,A bullied young boy befriends a young female vampire who lives in secrecy with her guardian.,https://m.media-amazon.com/images/M/MV5BNDQ4MjQ4OTMwMF5BMl5BanBnXkFtZTcwOTYzNDc4Mw@@.jpg
341,Blade II,"Blade forms an uneasy alliance with the vampire council in order to combat the Reapers, who are feeding on vampires.",https://m.media-amazon.com/images/M/MV5BOWVjZTIzNDYtNTBlNC00NTJjLTkzOTEtOTE0MjlhYzI2YTcyXkEyXkFqcGdeQXVyNTAyODkwOQ@@.jpg
343,Alien: Covenant,"The crew of a colony ship, bound for a remote planet, discover an uncharted paradise with a threat beyond their imagination, and must attempt a harrowing escape.",https://m.media-amazon.com/images/M/MV5BYzVkMjRhNzctOGQxMC00OGE2LWJhN2EtNmYyODRiMDNlM2ZmXkEyXkFqcGdeQXVyMTMxODk2OTU@.jpg
345,RoboCop,"In a dystopic and crime-ridden Detroit, a terminally wounded cop returns to the force as a powerful cyborg haunted by submerged memories.",https://m.media-amazon.com/images/M/MV5BZWVlYzU2ZjQtZmNkMi00OTc3LTkwZmYtZDVjNmY4OWFmZGJlXkEyXkFqcGdeQXVyMTQxNzMzNDI@.jpg
346,John Wick: Chapter 2,"After returning to the criminal underworld to repay a debt, John Wick discovers that a large bounty has been put on his life.",https://m.media-amazon.com/images/M/MV5BMjE2NDkxNTY2M15BMl5BanBnXkFtZTgwMDc2NzE0MTI@.jpg
347,10 Cloverfield Lane,A young woman is held in an underground bunker by a man who insists that a hostile event has left the surface of the Earth uninhabitable.,https://m.media-amazon.com/images/M/MV5BMjEzMjczOTIxMV5BMl5BanBnXkFtZTgwOTUwMjI3NzE@.jpg
348,Hot Fuzz,"A skilled London police officer, after irritating superiors with his embarrassing effectiveness, is transferred to a village where the easygoing officers object to his fervor for regulations, as a string of grisly murders strikes the town.",https://m.media-amazon.com/images/M/MV5BMzg4MDJhMDMtYmJiMS00ZDZmLThmZWUtYTMwZDM1YTc5MWE2XkEyXkFqcGdeQXVyNjU0OTQ0OTY@.jpg
349,Final Destination 3,"Six years after students cheated death, another teen has a premonition that she and her friends will be involved in an accident. When the vision comes true, the student and survivors deal with the repercussions of cheating the Grim Reaper.",https://m.media-amazon.com/images/M/MV5BZDEyYTRjNTgtYmI4Yy00MTFmLWEzYTUtOGNjZGZmNzEyMjZmXkEyXkFqcGdeQXVyMTEwNDU1MzEy.jpg
350,Clean,"Tormented by his past, a garbage man named Clean attempts a quiet life of redemption. But, soon finds himself forced to reconcile with the violence of his past.",https://m.media-amazon.com/images/M/MV5BZGZiODYxNDktMWIzZi00ZGMwLWI2NGYtYWYyMzU5MThmMzExXkEyXkFqcGdeQXVyMTE1MzI2NzIz.jpg
351,Tumbbad,A mythological story about a goddess who created the entire universe. The plot revolves around the consequences when humans build a temple for her first-born.,https://m.media-amazon.com/images/M/MV5BYmQxNmU4ZjgtYzE5Mi00ZDlhLTlhOTctMzJkNjk2ZGUyZGEwXkEyXkFqcGdeQXVyMzgxMDA0Nzk@.jpg
352,Life,A team of scientists aboard the International Space Station discover a rapidly evolving life form that caused extinction on Mars and now threatens all life on Earth.,https://m.media-amazon.com/images/M/MV5BMzAwMmQxNTctYjVmYi00MDdlLWEzMWUtOTE5NTRiNDhhNjI2L2ltYWdlXkEyXkFqcGdeQXVyMTkxNjUyNQ@@.jpg
356,Children of the Corn,A young couple is trapped in a remote town where a dangerous religious cult of children believes that everyone over age 18 must be killed.,https://m.media-amazon.com/images/M/MV5BMDg3OTc2OTQtZDA0My00YTJiLTg3ZTYtOGYwZWM1NWVhZDdiXkEyXkFqcGdeQXVyMTQxNzMzNDI@.jpg
357,Miss Peregrine's Home for Peculiar Children,"When Jacob (Asa Butterfield) discovers clues to a mystery that stretches across time, he finds Miss Peregrine's Home for Peculiar Children. But the danger deepens after he gets to know the residents and learns about their special powers.",https://m.media-amazon.com/images/M/MV5BMTU0Nzc5NzI5NV5BMl5BanBnXkFtZTgwNTk1MDE4MDI@.jpg
359,I Spit on Your Grave,"A writer who is brutalized during her cabin retreat seeks revenge on her attackers, who left her for dead.",https://m.media-amazon.com/images/M/MV5BMTkxMTE3NzEzMl5BMl5BanBnXkFtZTcwMzc4MTU2Mw@@.jpg
361,The Fast and the Furious,Los Angeles police officer Brian O'Conner must decide where his loyalty really lies when he becomes enamored with the street racing world he has been sent undercover to destroy.,https://m.media-amazon.com/images/M/MV5BNzlkNzVjMDMtOTdhZC00MGE1LTkxODctMzFmMjkwZmMxZjFhXkEyXkFqcGdeQXVyNjU0OTQ0OTY@.jpg
362,Signs,"A widowed former reverend living with his children and brother on a Pennsylvania farm finds mysterious crop circles in their fields, which suggests something more frightening to come.",https://m.media-amazon.com/images/M/MV5BNDUwMDUyMDAyNF5BMl5BanBnXkFtZTYwMDQ3NzM3.jpg
363,Kingsman: The Golden Circle,"After the Kingsman's headquarters are destroyed and the world is held hostage, an allied spy organization in the United States is discovered. These two elite secret agencies must band together to defeat a common enemy.",https://m.media-amazon.com/images/M/MV5BMjQ3OTgzMzY4NF5BMl5BanBnXkFtZTgwOTc4OTQyMzI@.jpg
364,"As Above, So Below","When a team of explorers ventures into the catacombs that lie beneath the streets of Paris, they uncover the dark secret that lies within this city of the dead.",https://m.media-amazon.com/images/M/MV5BMTQzNzg0NDI2MF5BMl5BanBnXkFtZTgwMzgxNzY2MTE@.jpg
365,The Meg,A group of scientists exploring the Marianas Trench encounter the largest marine predator that has ever existed - the Megalodon.,https://m.media-amazon.com/images/M/MV5BMTAxMGRmODYtM2NkYS00ZGRlLWE1MWItYjI1MzIwNjQwN2RiXkEyXkFqcGdeQXVyMTMxODk2OTU@.jpg
368,Army of Thieves,"A prequel, set before the events of Army of the Dead, which focuses on German safecracker Ludwig Dieter leading a group of aspiring thieves on a top secret heist during the early stages of the zombie apocalypse.",https://m.media-amazon.com/images/M/MV5BOGVmMTEyZGEtMjM5YS00OWU0LWJlNmMtMTgyNWM3ZGVkM2Y1XkEyXkFqcGdeQXVyMTkxNjUyNQ@@.jpg
371,The Count of Monte Cristo,"A young man, falsely imprisoned by his jealous ""friend"", escapes and uses a hidden treasure to exact his revenge.",https://m.media-amazon.com/images/M/MV5BMDM0ZWRjZDgtZWI0MS00ZTIzLTg4MWYtZjU5MDEyMDU0ODBjXkEyXkFqcGdeQXVyMTQxNzMzNDI@.jpg
376,House of Dark Shadows,"Vampire Barnabas Collins is accidentally released from his centuries-long confinement at his family's estate in Maine. He targets his clueless descendants who live there now and pursues Maggie, the incarnation of his lost love.",https://m.media-amazon.com/images/M/MV5BM2I1YWE2MDYtNzE4YS00N2NlLTgzNjgtNWE4ZDI2NTMzYjUwXkEyXkFqcGdeQXVyMTQxNzMzNDI@.jpg
380,Pet Sematary,"After tragedy strikes, a grieving father discovers an ancient burial ground behind his home with the power to raise the dead.",https://m.media-amazon.com/images/M/MV5BYjBlNTBhYWQtMzg5Yi00NDA2LWJmMjYtZmM0ODhiYzkwYmY5XkEyXkFqcGdeQXVyMTQxNzMzNDI@.jpg
382,GoldenEye,"Years after a friend and fellow 00 agent is killed on a joint mission, a Russian crime syndicate steals a secret space-based weapons program known as ""GoldenEye"" and James Bond has to stop them from using it.",https://m.media-amazon.com/images/M/MV5BMzk2OTg4MTk1NF5BMl5BanBnXkFtZTcwNjExNTgzNA@@.jpg
386,The 355,"When a top-secret weapon falls into mercenary hands, a wild card CIA agent joins forces with three international agents on a lethal mission to retrieve it, while staying a step ahead of a mysterious woman who's tracking their every move.",https://m.media-amazon.com/images/M/MV5BNzk4MDZhNTctMDA3OC00ODdkLWIyOWYtN2M0MzA3MDY5NDk1XkEyXkFqcGdeQXVyMTkxNjUyNQ@@.jpg
388,House on Haunted Hill,"An amusement park mogul offers a group of diverse people $1,000,000 to spend the night in a haunted house with a horrifying past.",https://m.media-amazon.com/images/M/MV5BNzUwYWQzZDQtMDQ0Mi00NjFlLTgzNjAtNTFhZmZhNWY4NGEzL2ltYWdlXkEyXkFqcGdeQXVyNTAyODkwOQ@@.jpg
